[{"pk": 9, "model": "contenttypes.contenttype", "fields": {"model": "cause", "name": "cause", "app_label": "offincident"}}, {"pk": 12, "model": "contenttypes.contenttype", "fields": {"model": "city", "name": "city", "app_label": "locations"}}, {"pk": 5, "model": "contenttypes.contenttype", "fields": {"model": "contenttype", "name": "content type", "app_label": "contenttypes"}}, {"pk": 2, "model": "contenttypes.contenttype", "fields": {"model": "group", "name": "group", "app_label": "auth"}}, {"pk": 10, "model": "contenttypes.contenttype", "fields": {"model": "incidenttype", "name": "incident type", "app_label": "offincident"}}, {"pk": 15, "model": "contenttypes.contenttype", "fields": {"model": "location", "name": "location", "app_label": "locations"}}, {"pk": 8, "model": "contenttypes.contenttype", "fields": {"model": "logentry", "name": "log entry", "app_label": "admin"}}, {"pk": 4, "model": "contenttypes.contenttype", "fields": {"model": "message", "name": "message", "app_label": "auth"}}, {"pk": 11, "model": "contenttypes.contenttype", "fields": {"model": "official", "name": "official", "app_label": "offincident"}}, {"pk": 1, "model": "contenttypes.contenttype", "fields": {"model": "permission", "name": "permission", "app_label": "auth"}}, {"pk": 16, "model": "contenttypes.contenttype", "fields": {"model": "report", "name": "report", "app_label": "citzincident"}}, {"pk": 6, "model": "contenttypes.contenttype", "fields": {"model": "session", "name": "session", "app_label": "sessions"}}, {"pk": 7, "model": "contenttypes.contenttype", "fields": {"model": "site", "name": "site", "app_label": "sites"}}, {"pk": 13, "model": "contenttypes.contenttype", "fields": {"model": "state", "name": "state", "app_label": "locations"}}, {"pk": 3, "model": "contenttypes.contenttype", "fields": {"model": "user", "name": "user", "app_label": "auth"}}, {"pk": 14, "model": "contenttypes.contenttype", "fields": {"model": "zipcode", "name": "zipcode", "app_label": "locations"}}, {"pk": "76f30e8cb6e44c4eb41afa0f1b2dcf1f", "model": "sessions.session", "fields": {"expire_date": "2011-11-06 22:42:57", "session_data": "NjhhZDIxZjU3NzdhMGY0YmZmOTc2M2YyMzAxMDliZjFkNjNkMmY2YjqAAn1xAShVEl9hdXRoX3Vz\nZXJfYmFja2VuZHECVSlkamFuZ28uY29udHJpYi5hdXRoLmJhY2tlbmRzLk1vZGVsQmFja2VuZHED\nVQ1fYXV0aF91c2VyX2lkcQRLAXUu\n"}}, {"pk": "c3539f9dbdbdab1815d8569fdbafe7a2", "model": "sessions.session", "fields": {"expire_date": "2011-11-22 18:56:30", "session_data": "NjhhZDIxZjU3NzdhMGY0YmZmOTc2M2YyMzAxMDliZjFkNjNkMmY2YjqAAn1xAShVEl9hdXRoX3Vz\nZXJfYmFja2VuZHECVSlkamFuZ28uY29udHJpYi5hdXRoLmJhY2tlbmRzLk1vZGVsQmFja2VuZHED\nVQ1fYXV0aF91c2VyX2lkcQRLAXUu\n"}}, {"pk": "bc7b784aa62a994193b9b6719ac0cc87", "model": "sessions.session", "fields": {"expire_date": "2011-12-13 18:52:13", "session_data": "NjhhZDIxZjU3NzdhMGY0YmZmOTc2M2YyMzAxMDliZjFkNjNkMmY2YjqAAn1xAShVEl9hdXRoX3Vz\nZXJfYmFja2VuZHECVSlkamFuZ28uY29udHJpYi5hdXRoLmJhY2tlbmRzLk1vZGVsQmFja2VuZHED\nVQ1fYXV0aF91c2VyX2lkcQRLAXUu\n"}}, {"pk": 1, "model": "sites.site", "fields": {"domain": "example.com", "name": "example.com"}}, {"pk": 66, "model": "admin.logentry", "fields": {"action_flag": 1, "action_time": "2011-12-05 21:31:40", "object_repr": "Accident-no injury", "object_id": "8", "change_message": "", "user": 1, "content_type": 11}}, {"pk": 65, "model": "admin.logentry", "fields": {"action_flag": 1, "action_time": "2011-12-05 21:31:32", "object_repr": "Normal bet S 52 and S 53", "object_id": "15", "change_message": "", "user": 1, "content_type": 15}}, {"pk": 64, "model": "admin.logentry", "fields": {"action_flag": 1, "action_time": "2011-12-05 21:30:41", "object_repr": "Accident-Injury", "object_id": "7", "change_message": "", "user": 1, "content_type": 11}}, {"pk": 63, "model": "admin.logentry", "fields": {"action_flag": 1, "action_time": "2011-12-05 21:30:37", "object_repr": "Driving Under Influence", "object_id": "11", "change_message": "", "user": 1, "content_type": 9}}, {"pk": 62, "model": "admin.logentry", "fields": {"action_flag": 1, "action_time": "2011-12-05 21:30:14", "object_repr": "N 25 at P", "object_id": "14", "change_message": "", "user": 1, "content_type": 15}}, {"pk": 61, "model": "admin.logentry", "fields": {"action_flag": 1, "action_time": "2011-12-05 21:21:06", "object_repr": "Accident-Injury", "object_id": "6", "change_message": "", "user": 1, "content_type": 16}}, {"pk": 60, "model": "admin.logentry", "fields": {"action_flag": 1, "action_time": "2011-12-05 21:21:02", "object_repr": "2711 N 48", "object_id": "13", "change_message": "", "user": 1, "content_type": 15}}, {"pk": 59, "model": "admin.logentry", "fields": {"action_flag": 1, "action_time": "2011-12-05 21:20:29", "object_repr": "Weather-Ice", "object_id": "10", "change_message": "", "user": 1, "content_type": 9}}, {"pk": 58, "model": "admin.logentry", "fields": {"action_flag": 1, "action_time": "2011-12-05 21:20:06", "object_repr": "Fatality", "object_id": "5", "change_message": "", "user": 1, "content_type": 16}}, {"pk": 57, "model": "admin.logentry", "fields": {"action_flag": 1, "action_time": "2011-12-05 21:19:57", "object_repr": "Cornhusker bet N 70 and Russell", "object_id": "12", "change_message": "", "user": 1, "content_type": 15}}, {"pk": 56, "model": "admin.logentry", "fields": {"action_flag": 1, "action_time": "2011-12-05 21:18:24", "object_repr": "Accident-no injury", "object_id": "4", "change_message": "", "user": 1, "content_type": 16}}, {"pk": 55, "model": "admin.logentry", "fields": {"action_flag": 1, "action_time": "2011-12-05 21:18:17", "object_repr": "A bet S 27 and S 28", "object_id": "11", "change_message": "", "user": 1, "content_type": 15}}, {"pk": 54, "model": "admin.logentry", "fields": {"action_flag": 1, "action_time": "2011-12-05 21:16:05", "object_repr": "Negligence", "object_id": "9", "change_message": "", "user": 1, "content_type": 9}}, {"pk": 53, "model": "admin.logentry", "fields": {"action_flag": 1, "action_time": "2011-12-05 20:06:47", "object_repr": "Slow Traffic", "object_id": "3", "change_message": "", "user": 1, "content_type": 16}}, {"pk": 52, "model": "admin.logentry", "fields": {"action_flag": 1, "action_time": "2011-12-05 20:06:45", "object_repr": "N 27 at W", "object_id": "10", "change_message": "", "user": 1, "content_type": 15}}, {"pk": 51, "model": "admin.logentry", "fields": {"action_flag": 1, "action_time": "2011-12-05 20:06:01", "object_repr": "Weather-Icy Rain", "object_id": "8", "change_message": "", "user": 1, "content_type": 9}}, {"pk": 50, "model": "admin.logentry", "fields": {"action_flag": 1, "action_time": "2011-12-05 20:05:47", "object_repr": "Slow Traffic", "object_id": "7", "change_message": "", "user": 1, "content_type": 10}}, {"pk": 49, "model": "admin.logentry", "fields": {"action_flag": 2, "action_time": "2011-12-05 20:05:06", "object_repr": "Accident-Injury", "object_id": "6", "change_message": "No fields changed.", "user": 1, "content_type": 11}}, {"pk": 48, "model": "admin.logentry", "fields": {"action_flag": 1, "action_time": "2011-12-05 20:05:00", "object_repr": "Accident-Injury", "object_id": "6", "change_message": "", "user": 1, "content_type": 11}}, {"pk": 47, "model": "admin.logentry", "fields": {"action_flag": 1, "action_time": "2011-12-05 20:04:57", "object_repr": "Fail to Yield", "object_id": "7", "change_message": "", "user": 1, "content_type": 9}}, {"pk": 46, "model": "admin.logentry", "fields": {"action_flag": 1, "action_time": "2011-12-05 20:03:45", "object_repr": "W Garfield at S Coddington", "object_id": "9", "change_message": "", "user": 1, "content_type": 15}}, {"pk": 45, "model": "admin.logentry", "fields": {"action_flag": 1, "action_time": "2011-12-05 20:03:42", "object_repr": "68522", "object_id": "10", "change_message": "", "user": 1, "content_type": 14}}, {"pk": 44, "model": "admin.logentry", "fields": {"action_flag": 1, "action_time": "2011-11-20 23:54:39", "object_repr": "Accident-no injury", "object_id": "2", "change_message": "", "user": 1, "content_type": 16}}, {"pk": 43, "model": "admin.logentry", "fields": {"action_flag": 1, "action_time": "2011-11-20 23:54:29", "object_repr": "1230 Scenic Lane", "object_id": "8", "change_message": "", "user": 1, "content_type": 15}}, {"pk": 42, "model": "admin.logentry", "fields": {"action_flag": 1, "action_time": "2011-11-15 19:04:56", "object_repr": "Lane Obstruction", "object_id": "1", "change_message": "", "user": 1, "content_type": 16}}, {"pk": 41, "model": "admin.logentry", "fields": {"action_flag": 1, "action_time": "2011-11-15 19:04:43", "object_repr": "I80, exit 420", "object_id": "7", "change_message": "", "user": 1, "content_type": 15}}, {"pk": 40, "model": "admin.logentry", "fields": {"action_flag": 1, "action_time": "2011-11-15 19:04:09", "object_repr": "Lane Obstruction", "object_id": "6", "change_message": "", "user": 1, "content_type": 10}}, {"pk": 39, "model": "admin.logentry", "fields": {"action_flag": 1, "action_time": "2011-11-15 19:01:17", "object_repr": "Dead Deer", "object_id": "6", "change_message": "", "user": 1, "content_type": 9}}, {"pk": 38, "model": "admin.logentry", "fields": {"action_flag": 1, "action_time": "2011-11-15 19:00:57", "object_repr": "I80, exit 420", "object_id": "6", "change_message": "", "user": 1, "content_type": 15}}, {"pk": 37, "model": "admin.logentry", "fields": {"action_flag": 1, "action_time": "2011-11-15 19:00:51", "object_repr": "68366", "object_id": "9", "change_message": "", "user": 1, "content_type": 14}}, {"pk": 36, "model": "admin.logentry", "fields": {"action_flag": 1, "action_time": "2011-11-15 19:00:21", "object_repr": "Greenwood", "object_id": "5", "change_message": "", "user": 1, "content_type": 12}}, {"pk": 35, "model": "admin.logentry", "fields": {"action_flag": 1, "action_time": "2011-11-15 18:59:30", "object_repr": "Lane Closed", "object_id": "5", "change_message": "", "user": 1, "content_type": 10}}, {"pk": 34, "model": "admin.logentry", "fields": {"action_flag": 1, "action_time": "2011-11-15 18:51:56", "object_repr": "Road Closure", "object_id": "5", "change_message": "", "user": 1, "content_type": 11}}, {"pk": 33, "model": "admin.logentry", "fields": {"action_flag": 1, "action_time": "2011-11-15 18:51:54", "object_repr": "Weather - Snow", "object_id": "5", "change_message": "", "user": 1, "content_type": 9}}, {"pk": 32, "model": "admin.logentry", "fields": {"action_flag": 1, "action_time": "2011-11-15 18:51:23", "object_repr": "I80 & Hwy 6, Exit 409", "object_id": "5", "change_message": "", "user": 1, "content_type": 15}}, {"pk": 31, "model": "admin.logentry", "fields": {"action_flag": 1, "action_time": "2011-11-15 18:51:16", "object_repr": "68462", "object_id": "8", "change_message": "", "user": 1, "content_type": 14}}, {"pk": 30, "model": "admin.logentry", "fields": {"action_flag": 1, "action_time": "2011-11-15 18:49:59", "object_repr": "Waverly", "object_id": "4", "change_message": "", "user": 1, "content_type": 12}}, {"pk": 29, "model": "admin.logentry", "fields": {"action_flag": 1, "action_time": "2011-11-15 18:44:41", "object_repr": "Road Closure", "object_id": "4", "change_message": "", "user": 1, "content_type": 10}}, {"pk": 28, "model": "admin.logentry", "fields": {"action_flag": 1, "action_time": "2011-11-14 21:44:20", "object_repr": "Fatality", "object_id": "4", "change_message": "", "user": 1, "content_type": 11}}, {"pk": 27, "model": "admin.logentry", "fields": {"action_flag": 1, "action_time": "2011-11-14 21:44:17", "object_repr": "Violated Traffic Signal", "object_id": "4", "change_message": "", "user": 1, "content_type": 9}}, {"pk": 26, "model": "admin.logentry", "fields": {"action_flag": 1, "action_time": "2011-11-14 21:43:11", "object_repr": "S Folsom & South St", "object_id": "4", "change_message": "", "user": 1, "content_type": 15}}, {"pk": 25, "model": "admin.logentry", "fields": {"action_flag": 1, "action_time": "2011-11-14 21:43:10", "object_repr": "68522", "object_id": "7", "change_message": "", "user": 1, "content_type": 14}}, {"pk": 24, "model": "admin.logentry", "fields": {"action_flag": 1, "action_time": "2011-11-14 21:41:11", "object_repr": "Accident-no injury", "object_id": "3", "change_message": "", "user": 1, "content_type": 11}}, {"pk": 23, "model": "admin.logentry", "fields": {"action_flag": 1, "action_time": "2011-11-14 21:41:00", "object_repr": "800 Fletcher Ave", "object_id": "3", "change_message": "", "user": 1, "content_type": 15}}, {"pk": 22, "model": "admin.logentry", "fields": {"action_flag": 1, "action_time": "2011-11-14 21:40:59", "object_repr": "68521", "object_id": "6", "change_message": "", "user": 1, "content_type": 14}}, {"pk": 21, "model": "admin.logentry", "fields": {"action_flag": 1, "action_time": "2011-11-14 21:40:02", "object_repr": "Accident-no injury", "object_id": "3", "change_message": "", "user": 1, "content_type": 10}}, {"pk": 20, "model": "admin.logentry", "fields": {"action_flag": 1, "action_time": "2011-11-14 21:39:27", "object_repr": "Accident-Injury", "object_id": "2", "change_message": "", "user": 1, "content_type": 11}}, {"pk": 19, "model": "admin.logentry", "fields": {"action_flag": 1, "action_time": "2011-11-14 21:39:24", "object_repr": "Negligence", "object_id": "3", "change_message": "", "user": 1, "content_type": 9}}, {"pk": 18, "model": "admin.logentry", "fields": {"action_flag": 1, "action_time": "2011-11-14 21:38:40", "object_repr": "2455 Winding Way", "object_id": "2", "change_message": "", "user": 1, "content_type": 15}}, {"pk": 17, "model": "admin.logentry", "fields": {"action_flag": 1, "action_time": "2011-11-14 21:33:16", "object_repr": "68507", "object_id": "5", "change_message": "", "user": 1, "content_type": 14}}, {"pk": 16, "model": "admin.logentry", "fields": {"action_flag": 1, "action_time": "2011-11-14 21:33:08", "object_repr": "68506", "object_id": "4", "change_message": "", "user": 1, "content_type": 14}}, {"pk": 15, "model": "admin.logentry", "fields": {"action_flag": 1, "action_time": "2011-11-14 21:32:54", "object_repr": "68503", "object_id": "3", "change_message": "", "user": 1, "content_type": 14}}, {"pk": 14, "model": "admin.logentry", "fields": {"action_flag": 1, "action_time": "2011-11-10 12:24:13", "object_repr": "Fatality", "object_id": "2", "change_message": "", "user": 1, "content_type": 10}}, {"pk": 13, "model": "admin.logentry", "fields": {"action_flag": 1, "action_time": "2011-11-08 20:22:19", "object_repr": "Accident-Injury", "object_id": "1", "change_message": "", "user": 1, "content_type": 11}}, {"pk": 12, "model": "admin.logentry", "fields": {"action_flag": 1, "action_time": "2011-11-08 20:21:06", "object_repr": "1742 N 76", "object_id": "1", "change_message": "", "user": 1, "content_type": 15}}, {"pk": 11, "model": "admin.logentry", "fields": {"action_flag": 1, "action_time": "2011-11-08 19:35:46", "object_repr": "Lincoln", "object_id": "3", "change_message": "", "user": 1, "content_type": 12}}, {"pk": 10, "model": "admin.logentry", "fields": {"action_flag": 2, "action_time": "2011-11-08 19:35:28", "object_repr": "Accident", "object_id": "2", "change_message": "No fields changed.", "user": 1, "content_type": 9}}, {"pk": 9, "model": "admin.logentry", "fields": {"action_flag": 1, "action_time": "2011-11-08 19:35:20", "object_repr": "Accident", "object_id": "2", "change_message": "", "user": 1, "content_type": 9}}, {"pk": 8, "model": "admin.logentry", "fields": {"action_flag": 1, "action_time": "2011-11-08 19:33:35", "object_repr": "Rear-ended", "object_id": "1", "change_message": "", "user": 1, "content_type": 9}}, {"pk": 7, "model": "admin.logentry", "fields": {"action_flag": 1, "action_time": "2011-11-08 19:31:14", "object_repr": "68505", "object_id": "2", "change_message": "", "user": 1, "content_type": 14}}, {"pk": 6, "model": "admin.logentry", "fields": {"action_flag": 1, "action_time": "2011-11-08 19:31:03", "object_repr": "NE", "object_id": "2", "change_message": "", "user": 1, "content_type": 13}}, {"pk": 5, "model": "admin.logentry", "fields": {"action_flag": 1, "action_time": "2011-11-08 19:30:56", "object_repr": "Lincoln", "object_id": "2", "change_message": "", "user": 1, "content_type": 12}}, {"pk": 4, "model": "admin.logentry", "fields": {"action_flag": 1, "action_time": "2011-11-08 19:30:08", "object_repr": "68505", "object_id": "1", "change_message": "", "user": 1, "content_type": 14}}, {"pk": 3, "model": "admin.logentry", "fields": {"action_flag": 1, "action_time": "2011-11-08 19:29:56", "object_repr": "NE", "object_id": "1", "change_message": "", "user": 1, "content_type": 13}}, {"pk": 2, "model": "admin.logentry", "fields": {"action_flag": 1, "action_time": "2011-11-08 19:29:49", "object_repr": "Lincoln", "object_id": "1", "change_message": "", "user": 1, "content_type": 12}}, {"pk": 1, "model": "admin.logentry", "fields": {"action_flag": 1, "action_time": "2011-11-08 19:29:08", "object_repr": "Accident-Injury", "object_id": "1", "change_message": "", "user": 1, "content_type": 10}}, {"pk": 1, "model": "offincident.cause", "fields": {"cause": "Rear-ended", "cause_slug": "rear-ended"}}, {"pk": 2, "model": "offincident.cause", "fields": {"cause": "Accident", "cause_slug": "accident"}}, {"pk": 3, "model": "offincident.cause", "fields": {"cause": "Negligence", "cause_slug": "negligence"}}, {"pk": 4, "model": "offincident.cause", "fields": {"cause": "Violated Traffic Signal", "cause_slug": "violated-traffic-signal"}}, {"pk": 5, "model": "offincident.cause", "fields": {"cause": "Weather - Snow", "cause_slug": "weather-snow"}}, {"pk": 6, "model": "offincident.cause", "fields": {"cause": "Dead Deer", "cause_slug": "dead-deer"}}, {"pk": 7, "model": "offincident.cause", "fields": {"cause": "Fail to Yield", "cause_slug": "fail-yield"}}, {"pk": 8, "model": "offincident.cause", "fields": {"cause": "Weather-Icy Rain", "cause_slug": "weather-icy-rain"}}, {"pk": 9, "model": "offincident.cause", "fields": {"cause": "Negligence", "cause_slug": "negligence"}}, {"pk": 10, "model": "offincident.cause", "fields": {"cause": "Weather-Ice", "cause_slug": "weather-ice"}}, {"pk": 11, "model": "offincident.cause", "fields": {"cause": "Driving Under Influence", "cause_slug": "driving-under-influence"}}, {"pk": 1, "model": "offincident.incidenttype", "fields": {"incident_type": "Accident-Injury", "incident_type_slug": "accident-injury"}}, {"pk": 2, "model": "offincident.incidenttype", "fields": {"incident_type": "Fatality", "incident_type_slug": "fatality"}}, {"pk": 3, "model": "offincident.incidenttype", "fields": {"incident_type": "Accident-no injury", "incident_type_slug": "accident-no-injury"}}, {"pk": 4, "model": "offincident.incidenttype", "fields": {"incident_type": "Road Closure", "incident_type_slug": "road-closure"}}, {"pk": 5, "model": "offincident.incidenttype", "fields": {"incident_type": "Lane Closed", "incident_type_slug": "lane-closed"}}, {"pk": 6, "model": "offincident.incidenttype", "fields": {"incident_type": "Lane Obstruction", "incident_type_slug": "lane-obstruction"}}, {"pk": 7, "model": "offincident.incidenttype", "fields": {"incident_type": "Slow Traffic", "incident_type_slug": "slow-traffic"}}, {"pk": 1, "model": "offincident.official", "fields": {"pub_date": "2011-11-08 20:22:19", "cause": 1, "incident_type": 1, "location": 1}}, {"pk": 2, "model": "offincident.official", "fields": {"pub_date": "2011-11-14 21:39:27", "cause": 3, "incident_type": 1, "location": 2}}, {"pk": 3, "model": "offincident.official", "fields": {"pub_date": "2011-11-14 21:41:11", "cause": 3, "incident_type": 3, "location": 3}}, {"pk": 4, "model": "offincident.official", "fields": {"pub_date": "2011-11-14 21:44:20", "cause": 4, "incident_type": 2, "location": 4}}, {"pk": 5, "model": "offincident.official", "fields": {"pub_date": "2011-11-15 18:51:56", "cause": 5, "incident_type": 4, "location": 5}}, {"pk": 6, "model": "offincident.official", "fields": {"pub_date": "2011-12-05 20:05:06", "cause": 7, "incident_type": 1, "location": 9}}, {"pk": 7, "model": "offincident.official", "fields": {"pub_date": "2011-12-05 21:30:41", "cause": 11, "incident_type": 1, "location": 14}}, {"pk": 8, "model": "offincident.official", "fields": {"pub_date": "2011-12-05 21:31:40", "cause": 3, "incident_type": 3, "location": 15}}, {"pk": 1, "model": "locations.city", "fields": {"city_slug": "lincoln", "city": "Lincoln"}}, {"pk": 2, "model": "locations.city", "fields": {"city_slug": "lincoln", "city": "Lincoln"}}, {"pk": 3, "model": "locations.city", "fields": {"city_slug": "lincoln", "city": "Lincoln"}}, {"pk": 4, "model": "locations.city", "fields": {"city_slug": "waverly", "city": "Waverly"}}, {"pk": 5, "model": "locations.city", "fields": {"city_slug": "greenwood", "city": "Greenwood"}}, {"pk": 1, "model": "locations.state", "fields": {"state_slug": "ne", "state": "NE"}}, {"pk": 2, "model": "locations.state", "fields": {"state_slug": "ne", "state": "NE"}}, {"pk": 1, "model": "locations.zipcode", "fields": {"zipcode_slug": "68505", "zipcode": "68505"}}, {"pk": 2, "model": "locations.zipcode", "fields": {"zipcode_slug": "68505", "zipcode": "68505"}}, {"pk": 3, "model": "locations.zipcode", "fields": {"zipcode_slug": "68503", "zipcode": "68503"}}, {"pk": 4, "model": "locations.zipcode", "fields": {"zipcode_slug": "68506", "zipcode": "68506"}}, {"pk": 5, "model": "locations.zipcode", "fields": {"zipcode_slug": "68507", "zipcode": "68507"}}, {"pk": 6, "model": "locations.zipcode", "fields": {"zipcode_slug": "68521", "zipcode": "68521"}}, {"pk": 7, "model": "locations.zipcode", "fields": {"zipcode_slug": "68522", "zipcode": "68522"}}, {"pk": 8, "model": "locations.zipcode", "fields": {"zipcode_slug": "68462", "zipcode": "68462"}}, {"pk": 9, "model": "locations.zipcode", "fields": {"zipcode_slug": "68366", "zipcode": "68366"}}, {"pk": 10, "model": "locations.zipcode", "fields": {"zipcode_slug": "68522", "zipcode": "68522"}}, {"pk": 1, "model": "locations.location", "fields": {"city": 1, "state": 1, "zipcode": 1, "address": "1742 N 76"}}, {"pk": 2, "model": "locations.location", "fields": {"city": 1, "state": 1, "zipcode": 4, "address": "2455 Winding Way"}}, {"pk": 3, "model": "locations.location", "fields": {"city": 1, "state": 1, "zipcode": 6, "address": "800 Fletcher Ave"}}, {"pk": 4, "model": "locations.location", "fields": {"city": 1, "state": 1, "zipcode": 7, "address": "S Folsom & South St"}}, {"pk": 5, "model": "locations.location", "fields": {"city": 4, "state": 1, "zipcode": 8, "address": "I80 & Hwy 6, Exit 409"}}, {"pk": 6, "model": "locations.location", "fields": {"city": 5, "state": 1, "zipcode": 9, "address": "I80, exit 420"}}, {"pk": 7, "model": "locations.location", "fields": {"city": 5, "state": 1, "zipcode": 9, "address": "I80, exit 420"}}, {"pk": 8, "model": "locations.location", "fields": {"city": 1, "state": 1, "zipcode": 1, "address": "1230 Scenic Lane"}}, {"pk": 9, "model": "locations.location", "fields": {"city": 1, "state": 1, "zipcode": 10, "address": "W Garfield at S Coddington"}}, {"pk": 10, "model": "locations.location", "fields": {"city": 1, "state": 1, "zipcode": 3, "address": "N 27 at W"}}, {"pk": 11, "model": "locations.location", "fields": {"city": 1, "state": 1, "zipcode": 3, "address": "A bet S 27 and S 28"}}, {"pk": 12, "model": "locations.location", "fields": {"city": 1, "state": 1, "zipcode": 5, "address": "Cornhusker bet N 70 and Russell"}}, {"pk": 13, "model": "locations.location", "fields": {"city": 1, "state": 1, "zipcode": 6, "address": "2711 N 48"}}, {"pk": 14, "model": "locations.location", "fields": {"city": 1, "state": 1, "zipcode": 6, "address": "N 25 at P"}}, {"pk": 15, "model": "locations.location", "fields": {"city": 1, "state": 1, "zipcode": 7, "address": "Normal bet S 52 and S 53"}}, {"pk": 1, "model": "citzincident.report", "fields": {"pub_date": "2011-11-15 19:04:56", "cause": 6, "incident_type": 6, "location": 7}}, {"pk": 2, "model": "citzincident.report", "fields": {"pub_date": "2011-11-20 23:54:39", "cause": 3, "incident_type": 3, "location": 8}}, {"pk": 3, "model": "citzincident.report", "fields": {"pub_date": "2011-12-05 20:06:47", "cause": 8, "incident_type": 7, "location": 10}}, {"pk": 4, "model": "citzincident.report", "fields": {"pub_date": "2011-12-05 21:18:24", "cause": 9, "incident_type": 3, "location": 11}}, {"pk": 5, "model": "citzincident.report", "fields": {"pub_date": "2011-12-05 21:20:06", "cause": 7, "incident_type": 2, "location": 12}}, {"pk": 6, "model": "citzincident.report", "fields": {"pub_date": "2011-12-05 21:21:06", "cause": 10, "incident_type": 1, "location": 13}}, {"pk": 22, "model": "auth.permission", "fields": {"codename": "add_logentry", "name": "Can add log entry", "content_type": 8}}, {"pk": 23, "model": "auth.permission", "fields": {"codename": "change_logentry", "name": "Can change log entry", "content_type": 8}}, {"pk": 24, "model": "auth.permission", "fields": {"codename": "delete_logentry", "name": "Can delete log entry", "content_type": 8}}, {"pk": 4, "model": "auth.permission", "fields": {"codename": "add_group", "name": "Can add group", "content_type": 2}}, {"pk": 5, "model": "auth.permission", "fields": {"codename": "change_group", "name": "Can change group", "content_type": 2}}, {"pk": 6, "model": "auth.permission", "fields": {"codename": "delete_group", "name": "Can delete group", "content_type": 2}}, {"pk": 10, "model": "auth.permission", "fields": {"codename": "add_message", "name": "Can add message", "content_type": 4}}, {"pk": 11, "model": "auth.permission", "fields": {"codename": "change_message", "name": "Can change message", "content_type": 4}}, {"pk": 12, "model": "auth.permission", "fields": {"codename": "delete_message", "name": "Can delete message", "content_type": 4}}, {"pk": 1, "model": "auth.permission", "fields": {"codename": "add_permission", "name": "Can add permission", "content_type": 1}}, {"pk": 2, "model": "auth.permission", "fields": {"codename": "change_permission", "name": "Can change permission", "content_type": 1}}, {"pk": 3, "model": "auth.permission", "fields": {"codename": "delete_permission", "name": "Can delete permission", "content_type": 1}}, {"pk": 7, "model": "auth.permission", "fields": {"codename": "add_user", "name": "Can add user", "content_type": 3}}, {"pk": 8, "model": "auth.permission", "fields": {"codename": "change_user", "name": "Can change user", "content_type": 3}}, {"pk": 9, "model": "auth.permission", "fields": {"codename": "delete_user", "name": "Can delete user", "content_type": 3}}, {"pk": 46, "model": "auth.permission", "fields": {"codename": "add_report", "name": "Can add report", "content_type": 16}}, {"pk": 47, "model": "auth.permission", "fields": {"codename": "change_report", "name": "Can change report", "content_type": 16}}, {"pk": 48, "model": "auth.permission", "fields": {"codename": "delete_report", "name": "Can delete report", "content_type": 16}}, {"pk": 13, "model": "auth.permission", "fields": {"codename": "add_contenttype", "name": "Can add content type", "content_type": 5}}, {"pk": 14, "model": "auth.permission", "fields": {"codename": "change_contenttype", "name": "Can change content type", "content_type": 5}}, {"pk": 15, "model": "auth.permission", "fields": {"codename": "delete_contenttype", "name": "Can delete content type", "content_type": 5}}, {"pk": 34, "model": "auth.permission", "fields": {"codename": "add_city", "name": "Can add city", "content_type": 12}}, {"pk": 35, "model": "auth.permission", "fields": {"codename": "change_city", "name": "Can change city", "content_type": 12}}, {"pk": 36, "model": "auth.permission", "fields": {"codename": "delete_city", "name": "Can delete city", "content_type": 12}}, {"pk": 43, "model": "auth.permission", "fields": {"codename": "add_location", "name": "Can add location", "content_type": 15}}, {"pk": 44, "model": "auth.permission", "fields": {"codename": "change_location", "name": "Can change location", "content_type": 15}}, {"pk": 45, "model": "auth.permission", "fields": {"codename": "delete_location", "name": "Can delete location", "content_type": 15}}, {"pk": 37, "model": "auth.permission", "fields": {"codename": "add_state", "name": "Can add state", "content_type": 13}}, {"pk": 38, "model": "auth.permission", "fields": {"codename": "change_state", "name": "Can change state", "content_type": 13}}, {"pk": 39, "model": "auth.permission", "fields": {"codename": "delete_state", "name": "Can delete state", "content_type": 13}}, {"pk": 40, "model": "auth.permission", "fields": {"codename": "add_zipcode", "name": "Can add zipcode", "content_type": 14}}, {"pk": 41, "model": "auth.permission", "fields": {"codename": "change_zipcode", "name": "Can change zipcode", "content_type": 14}}, {"pk": 42, "model": "auth.permission", "fields": {"codename": "delete_zipcode", "name": "Can delete zipcode", "content_type": 14}}, {"pk": 25, "model": "auth.permission", "fields": {"codename": "add_cause", "name": "Can add cause", "content_type": 9}}, {"pk": 26, "model": "auth.permission", "fields": {"codename": "change_cause", "name": "Can change cause", "content_type": 9}}, {"pk": 27, "model": "auth.permission", "fields": {"codename": "delete_cause", "name": "Can delete cause", "content_type": 9}}, {"pk": 28, "model": "auth.permission", "fields": {"codename": "add_incidenttype", "name": "Can add incident type", "content_type": 10}}, {"pk": 29, "model": "auth.permission", "fields": {"codename": "change_incidenttype", "name": "Can change incident type", "content_type": 10}}, {"pk": 30, "model": "auth.permission", "fields": {"codename": "delete_incidenttype", "name": "Can delete incident type", "content_type": 10}}, {"pk": 31, "model": "auth.permission", "fields": {"codename": "add_official", "name": "Can add official", "content_type": 11}}, {"pk": 32, "model": "auth.permission", "fields": {"codename": "change_official", "name": "Can change official", "content_type": 11}}, {"pk": 33, "model": "auth.permission", "fields": {"codename": "delete_official", "name": "Can delete official", "content_type": 11}}, {"pk": 16, "model": "auth.permission", "fields": {"codename": "add_session", "name": "Can add session", "content_type": 6}}, {"pk": 17, "model": "auth.permission", "fields": {"codename": "change_session", "name": "Can change session", "content_type": 6}}, {"pk": 18, "model": "auth.permission", "fields": {"codename": "delete_session", "name": "Can delete session", "content_type": 6}}, {"pk": 19, "model": "auth.permission", "fields": {"codename": "add_site", "name": "Can add site", "content_type": 7}}, {"pk": 20, "model": "auth.permission", "fields": {"codename": "change_site", "name": "Can change site", "content_type": 7}}, {"pk": 21, "model": "auth.permission", "fields": {"codename": "delete_site", "name": "Can delete site", "content_type": 7}}, {"pk": 1, "model": "auth.user", "fields": {"username": "jody", "first_name": "", "last_name": "", "is_active": true, "is_superuser": true, "is_staff": true, "last_login": "2011-11-29 18:52:13", "groups": [], "user_permissions": [], "password": "sha1$e502f$e774234f2ff036aa0e46ae79c9770bd42a34593d", "email": "jodyamillard@gmail.com", "date_joined": "2011-10-23 22:28:01"}}]